{"cameraMode":{"drawMode":0,"name":"Shaded","section":"Shading Mode"},"sceneLighting":true,"audioPlay":false,"sceneViewState":{"m_AlwaysRefresh":false,"showFog":true,"showSkybox":true,"showFlares":true,"showImageEffects":true,"showParticleSystems":true,"showVisualEffectGraphs":true,"m_FxEnabled":true},"in2DMode":false,"pivot":{"x":3.3606975078582765,"y":2.07065749168396,"z":-3.188891887664795},"rotation":{"x":0.10030851513147354,"y":0.022070221602916719,"z":-0.0022327392362058164,"w":0.9947320818901062},"size":2.361185312271118,"orthographic":false}