{"cameraMode":{"drawMode":0,"name":"Shaded","section":"Shading Mode"},"sceneLighting":true,"audioPlay":false,"sceneViewState":{"m_AlwaysRefresh":false,"showFog":true,"showSkybox":true,"showFlares":true,"showImageEffects":true,"showParticleSystems":true,"showVisualEffectGraphs":true,"m_FxEnabled":true},"in2DMode":false,"pivot":{"x":-5.118760108947754,"y":-0.7072024345397949,"z":22.861576080322267},"rotation":{"x":-0.08321940153837204,"y":0.37674620747566225,"z":-0.03396081551909447,"w":-0.9219948649406433},"size":7.721729755401611,"orthographic":false}